label,ff48_dummies,sentiment_var,coef,se,t,p,n,n_quarters,adj_r2_avg
col2_FinNeg_prop,True,fin_neg_prop,-0.280009407605612,0.09471590742185917,-2.956308134793729,0.0031134587321564045,50796,60,0.023644486127386392
col4_FinNeg_tfidf,True,fin_neg_tfidf_full,-0.008132182275317949,0.003108584787900564,-2.616040040783368,0.008895612523371454,50796,60,0.026078961687392915
col2_FinNeg_prop,False,fin_neg_prop,-0.29941471934875785,0.08159435734972231,-3.6695517812026353,0.00024297611881540782,50796,60,0.017119534336688773
col4_FinNeg_tfidf,False,fin_neg_tfidf_full,-0.008853938519959635,0.0028087879611778895,-3.152227452672027,0.001620300048287504,50796,60,0.018373307019023396
