label,ff48_dummies,sentiment_var,coef,se,t,p,n,n_quarters,adj_r2_avg
col2_FinNeg_prop_MDA,True,fin_neg_prop_mda,-0.2153672838649126,0.06174220273315563,-3.488169749882606,0.00048633920846419265,48248,60,0.024395849946515634
col4_FinNeg_tfidf_MDA,True,fin_neg_tfidf_mda,-0.01443714141557741,0.004269695484597303,-3.3813047013911466,0.0007214249575335785,48248,60,0.02538567929153077
col2_FinNeg_prop_MDA,False,fin_neg_prop_mda,-0.22847220788733102,0.061968983768113016,-3.6868800163364064,0.0002270203278156302,48248,60,0.01770389143009893
col4_FinNeg_tfidf_MDA,False,fin_neg_tfidf_mda,-0.01458732850238164,0.004489348905479881,-3.2493194023248573,0.0011568150722185422,48248,60,0.018343153483841135
